John Smith; john.smith@email.com; 123-456-7890; 123 Main Street
Sarah Johnson; sarah.johnson@email.com; 234-567-8901; 456 Elm Avenue
Michael Brown; michael.brown@email.com; 345-678-9012; 789 Oak Lane
Emily Davis; emily.davis@email.com; 456-789-0123; 987 Pine Road
David Wilson; david.wilson@email.com; 567-890-1234; 654 Birch Street
Jessica Martinez; jessica.martinez@email.com; 678-901-2345; 321 Maple Drive
Christopher Lee; christopher.lee@email.com; 789-012-3456; 159 Cedar Lane
Amanda Rodriguez; amanda.rodriguez@email.com; 890-123-4567; 852 Walnut Avenue
Matthew Taylor; matthew.taylor@email.com; 901-234-5678; 753 Cherry Road
Olivia Garcia; olivia.garcia@email.com; 012-345-6789; 456 Pine Lane
Daniel Hernandez; daniel.hernandez@email.com; 123-456-7890; 789 Oak Avenue
Sophia Nguyen; sophia.nguyen@email.com; 234-567-8901; 963 Elm Street
Ethan Patel; ethan.patel@email.com; 345-678-9012; 741 Maple Lane
Isabella Kim; isabella.kim@email.com; 456-789-0123; 852 Cedar Drive
Alexander Lopez; alexander.lopez@email.com; 567-890-1234; 369 Birch Road
Mia Gonzales; mia.gonzales@email.com; 678-901-2345; 147 Walnut Lane
William Adams; william.adams@email.com; 789-012-3456; 258 Cherry Avenue
Sofia Wright; sofia.wright@email.com; 890-123-4567; 369 Pine Street
James Baker; james.baker@email.com; 901-234-5678; 741 Oak Drive
Ava Lewis; ava.lewis@email.com; 012-345-6789; 963 Elm Lane
Benjamin Scott; benjamin.scott@email.com; 123-456-7890; 147 Maple Road
Zoe Clark; zoe.clark@email.com; 234-567-8901; 258 Cedar Lane
Henry Green; henry.green@email.com; 345-678-9012; 369 Birch Avenue
Lucy Hill; lucy.hill@email.com; 456-789-0123; 741 Walnut Street
Gabriel Carter; gabriel.carter@email.com; 567-890-1234; 963 Cherry Lane
Lily Ward; lily.ward@email.com; 678-901-2345; 147 Pine Drive
Samuel Morris; samuel.morris@email.com; 789-012-3456; 258 Oak Road
Grace Rivera; grace.rivera@email.com; 890-123-4567; 369 Elm Avenue
Dylan Cooper; dylan.cooper@email.com; 901-234-5678; 741 Maple Street
Victoria Reed; victoria.reed@email.com; 012-345-6789; 963 Cedar Lane
Oliver Hughes; oliver.hughes@email.com; 123-456-7890; 147 Elm Lane
Natalie Price; natalie.price@email.com; 234-567-8901; 258 Pine Road
Leo Foster; leo.foster@email.com; 345-678-9012; 369 Oak Avenue
Stella Brooks; stella.brooks@email.com; 456-789-0123; 741 Maple Drive
Max Coleman; max.coleman@email.com; 567-890-1234; 963 Cedar Lane
Maya Ward; maya.ward@email.com; 678-901-2345; 147 Cherry Street
Connor Reed; connor.reed@email.com; 789-012-3456; 258 Birch Lane
Harper Evans; harper.evans@email.com; 890-123-4567; 369 Elm Road
Leo Ramirez; leo.ramirez@email.com; 901-234-5678; 741 Walnut Drive
Nora Mitchell; nora.mitchell@email.com; 012-345-6789; 963 Pine Avenue
Eli Torres; eli.torres@email.com; 123-456-7890; 147 Maple Lane
Maya Ward; maya.ward@email.com; 234-567-8901; 258 Cedar Road
Leo Foster; leo.foster@email.com; 345-678-9012; 369 Birch Avenue
Stella Brooks; stella.brooks@email.com; 456-789-0123; 741 Maple Drive
Max Coleman; max.coleman@email.com; 567-890-1234; 963 Cedar Lane
Maya Ward; maya.ward@email.com; 678-901-2345; 147 Cherry Street
Connor Reed; connor.reed@email.com; 789-012-3456; 258 Birch Lane
Harper Evans; harper.evans@email.com; 890-123-4567; 369 Elm Road
Leo Ramirez; leo.ramirez@email.com; 901-234-5678; 741 Walnut Drive
Nora Mitchell; nora.mitchell@email.com; 012-345-6789; 963 Pine Avenue
Eli Torres; eli.torres@email.com; 123-456-7890; 147 Maple Lane
Maya Ward; maya.ward@email.com; 234-567-8901; 258 Cedar Road
Leo Foster; leo.foster@email.com; 345-678-9012; 369 Birch Avenue
Stella Brooks; stella.brooks@email.com; 456-789-0123; 741 Maple Drive
Max Coleman; max.coleman@email.com; 567-890-1234; 963 Cedar Lane
Maya Ward; maya.ward@email.com; 678-901-2345; 147 Cherry Street
Connor Reed; connor.reed@email.com; 789-012-3456; 258 Birch Lane
Harper Evans; harper.evans@email.com; 890-123-4567; 369 Elm Road
